status,product_area,response,justification,request_type
escalated,general,"This issue has been escalated to a human support agent who will be in touch shortly. Please do not share sensitive information such as card numbers, passwords, or personal identification in follow-up messages.",Empty or invalid issue,product_issue
escalated,general,"This issue has been escalated to a human support agent who will be in touch shortly. Please do not share sensitive information such as card numbers, passwords, or personal identification in follow-up messages.",Empty or invalid issue,product_issue
escalated,general,"This issue has been escalated to a human support agent who will be in touch shortly. Please do not share sensitive information such as card numbers, passwords, or personal identification in follow-up messages.",Empty or invalid issue,product_issue
escalated,general,"This issue has been escalated to a human support agent who will be in touch shortly. Please do not share sensitive information such as card numbers, passwords, or personal identification in follow-up messages.",Empty or invalid issue,product_issue
escalated,general,"This issue has been escalated to a human support agent who will be in touch shortly. Please do not share sensitive information such as card numbers, passwords, or personal identification in follow-up messages.",Empty or invalid issue,product_issue
escalated,general,"This issue has been escalated to a human support agent who will be in touch shortly. Please do not share sensitive information such as card numbers, passwords, or personal identification in follow-up messages.",Empty or invalid issue,product_issue
escalated,general,"This issue has been escalated to a human support agent who will be in touch shortly. Please do not share sensitive information such as card numbers, passwords, or personal identification in follow-up messages.",Empty or invalid issue,product_issue
escalated,general,"This issue has been escalated to a human support agent who will be in touch shortly. Please do not share sensitive information such as card numbers, passwords, or personal identification in follow-up messages.",Empty or invalid issue,product_issue
escalated,general,"This issue has been escalated to a human support agent who will be in touch shortly. Please do not share sensitive information such as card numbers, passwords, or personal identification in follow-up messages.",Empty or invalid issue,product_issue
escalated,general,"This issue has been escalated to a human support agent who will be in touch shortly. Please do not share sensitive information such as card numbers, passwords, or personal identification in follow-up messages.",Empty or invalid issue,product_issue
escalated,general,"This issue has been escalated to a human support agent who will be in touch shortly. Please do not share sensitive information such as card numbers, passwords, or personal identification in follow-up messages.",Empty or invalid issue,product_issue
escalated,general,"This issue has been escalated to a human support agent who will be in touch shortly. Please do not share sensitive information such as card numbers, passwords, or personal identification in follow-up messages.",Empty or invalid issue,product_issue
escalated,general,"This issue has been escalated to a human support agent who will be in touch shortly. Please do not share sensitive information such as card numbers, passwords, or personal identification in follow-up messages.",Empty or invalid issue,product_issue
escalated,general,"This issue has been escalated to a human support agent who will be in touch shortly. Please do not share sensitive information such as card numbers, passwords, or personal identification in follow-up messages.",Empty or invalid issue,product_issue
escalated,general,"This issue has been escalated to a human support agent who will be in touch shortly. Please do not share sensitive information such as card numbers, passwords, or personal identification in follow-up messages.",Empty or invalid issue,product_issue
escalated,general,"This issue has been escalated to a human support agent who will be in touch shortly. Please do not share sensitive information such as card numbers, passwords, or personal identification in follow-up messages.",Empty or invalid issue,product_issue
escalated,general,"This issue has been escalated to a human support agent who will be in touch shortly. Please do not share sensitive information such as card numbers, passwords, or personal identification in follow-up messages.",Empty or invalid issue,product_issue
escalated,general,"This issue has been escalated to a human support agent who will be in touch shortly. Please do not share sensitive information such as card numbers, passwords, or personal identification in follow-up messages.",Empty or invalid issue,product_issue
escalated,general,"This issue has been escalated to a human support agent who will be in touch shortly. Please do not share sensitive information such as card numbers, passwords, or personal identification in follow-up messages.",Empty or invalid issue,product_issue
escalated,general,"This issue has been escalated to a human support agent who will be in touch shortly. Please do not share sensitive information such as card numbers, passwords, or personal identification in follow-up messages.",Empty or invalid issue,product_issue
escalated,general,"This issue has been escalated to a human support agent who will be in touch shortly. Please do not share sensitive information such as card numbers, passwords, or personal identification in follow-up messages.",Empty or invalid issue,product_issue
escalated,general,"This issue has been escalated to a human support agent who will be in touch shortly. Please do not share sensitive information such as card numbers, passwords, or personal identification in follow-up messages.",Empty or invalid issue,product_issue
escalated,general,"This issue has been escalated to a human support agent who will be in touch shortly. Please do not share sensitive information such as card numbers, passwords, or personal identification in follow-up messages.",Empty or invalid issue,product_issue
escalated,general,"This issue has been escalated to a human support agent who will be in touch shortly. Please do not share sensitive information such as card numbers, passwords, or personal identification in follow-up messages.",Empty or invalid issue,product_issue
escalated,general,"This issue has been escalated to a human support agent who will be in touch shortly. Please do not share sensitive information such as card numbers, passwords, or personal identification in follow-up messages.",Empty or invalid issue,product_issue
escalated,general,"This issue has been escalated to a human support agent who will be in touch shortly. Please do not share sensitive information such as card numbers, passwords, or personal identification in follow-up messages.",Empty or invalid issue,product_issue
escalated,general,"This issue has been escalated to a human support agent who will be in touch shortly. Please do not share sensitive information such as card numbers, passwords, or personal identification in follow-up messages.",Empty or invalid issue,product_issue
escalated,general,"This issue has been escalated to a human support agent who will be in touch shortly. Please do not share sensitive information such as card numbers, passwords, or personal identification in follow-up messages.",Empty or invalid issue,product_issue
escalated,general,"This issue has been escalated to a human support agent who will be in touch shortly. Please do not share sensitive information such as card numbers, passwords, or personal identification in follow-up messages.",Empty or invalid issue,product_issue
